{
    "fisher_separability": {
        "none": {
            "none": 0.0,
            "swipe_left": 0.6893504959843089,
            "swipe_right": 0.6342167209612606,
            "circle_cw": 1.9107070008741982,
            "circle_ccw": 2.141218086190479,
            "fist": 4.065365834466334,
            "jerk_down": 0.4654073758734183,
            "jerk_up": 0.6517873520772
        },
        "swipe_left": {
            "none": 0.6893504959843083,
            "swipe_left": 0.0,
            "swipe_right": 1.715212230821089,
            "circle_cw": 3.7922182638745103,
            "circle_ccw": 4.053384850788808,
            "fist": 7.710558722440241,
            "jerk_down": 0.7427659281227068,
            "jerk_up": 2.631503737073775
        },
        "swipe_right": {
            "none": 0.63421672096126,
            "swipe_left": 1.715212230821089,
            "swipe_right": 0.0,
            "circle_cw": 2.822467867690941,
            "circle_ccw": 3.671023331047189,
            "fist": 7.493070075652812,
            "jerk_down": 1.4093400687459277,
            "jerk_up": 1.287122935108221
        },
        "circle_cw": {
            "none": 1.9107070008741984,
            "swipe_left": 3.7922182638745103,
            "swipe_right": 2.8224678676909405,
            "circle_cw": 0.0,
            "circle_ccw": 8.138255647849347,
            "fist": 13.801359655111066,
            "jerk_down": 2.907724757967264,
            "jerk_up": 3.45503924533826
        },
        "circle_ccw": {
            "none": 2.1412180861904795,
            "swipe_left": 4.053384850788807,
            "swipe_right": 3.6710233310471883,
            "circle_cw": 8.138255647849345,
            "circle_ccw": 0.0,
            "fist": 16.396695105114027,
            "jerk_down": 2.928186366685314,
            "jerk_up": 4.712557124519269
        },
        "fist": {
            "none": 4.065365834466334,
            "swipe_left": 7.71055872244024,
            "swipe_right": 7.493070075652812,
            "circle_cw": 13.801359655111066,
            "circle_ccw": 16.396695105114027,
            "fist": 0.0,
            "jerk_down": 5.106991933595277,
            "jerk_up": 11.886710685081924
        },
        "jerk_down": {
            "none": 0.4654073758734189,
            "swipe_left": 0.7427659281227068,
            "swipe_right": 1.4093400687459277,
            "circle_cw": 2.907724757967264,
            "circle_ccw": 2.9281863666853143,
            "fist": 5.10699193359528,
            "jerk_down": 0.0,
            "jerk_up": 1.374689689512039
        },
        "jerk_up": {
            "none": 0.6517873520771994,
            "swipe_left": 2.631503737073775,
            "swipe_right": 1.2871229351082216,
            "circle_cw": 3.4550392453382615,
            "circle_ccw": 4.712557124519269,
            "fist": 11.886710685081926,
            "jerk_down": 1.374689689512039,
            "jerk_up": 0.0
        }
    },
    "intra_class_variance": {
        "none": 29472.69021630168,
        "swipe_left": 12673.570991598855,
        "swipe_right": 10656.81288653364,
        "circle_cw": 16561.250266853534,
        "circle_ccw": 14903.044743888351,
        "fist": 13428.750561336032,
        "jerk_down": 18605.11778452848,
        "jerk_up": 8069.515637219986
    },
    "logo_cv": {
        "knn_accuracy": 0.3965287049399199,
        "svm_accuracy": 0.3965287049399199,
        "knn_confusion_matrix": [
            [
                0,
                34,
                83,
                11,
                1,
                0,
                38,
                58
            ],
            [
                0,
                75,
                0,
                0,
                0,
                0,
                0,
                0
            ],
            [
                0,
                0,
                75,
                0,
                0,
                0,
                0,
                0
            ],
            [
                0,
                0,
                0,
                0,
                0,
                0,
                0,
                75
            ],
            [
                0,
                0,
                0,
                0,
                72,
                0,
                0,
                2
            ],
            [
                75,
                0,
                0,
                0,
                0,
                0,
                0,
                0
            ],
            [
                0,
                0,
                0,
                0,
                0,
                0,
                75,
                0
            ],
            [
                67,
                0,
                0,
                8,
                0,
                0,
                0,
                0
            ]
        ],
        "svm_confusion_matrix": [
            [
                0,
                22,
                72,
                10,
                18,
                0,
                43,
                60
            ],
            [
                0,
                75,
                0,
                0,
                0,
                0,
                0,
                0
            ],
            [
                0,
                0,
                75,
                0,
                0,
                0,
                0,
                0
            ],
            [
                0,
                0,
                0,
                0,
                0,
                0,
                0,
                75
            ],
            [
                1,
                0,
                0,
                0,
                72,
                0,
                0,
                1
            ],
            [
                75,
                0,
                0,
                0,
                0,
                0,
                0,
                0
            ],
            [
                0,
                0,
                0,
                0,
                0,
                0,
                75,
                0
            ],
            [
                27,
                0,
                0,
                48,
                0,
                0,
                0,
                0
            ]
        ]
    },
    "js_divergence_from_none": {
        "swipe_left": 0.45380009396290455,
        "swipe_right": 0.29587549434610527,
        "circle_cw": 0.37758431823731853,
        "circle_ccw": 0.5860879318873575,
        "fist": 0.9999760666397366,
        "jerk_down": 0.28447398004513347,
        "jerk_up": 0.3220500293370072
    },
    "motion_energy_ratios_to_none": {
        "swipe_left": 0.6604810953140259,
        "swipe_right": 0.5904146432876587,
        "circle_cw": 1.9294984340667725,
        "circle_ccw": 2.080967664718628,
        "fist": 2.2276127338409424,
        "jerk_down": 0.6742733716964722,
        "jerk_up": 0.7080469131469727
    }
}