{
    "fisher_separability": {
        "none": {
            "none": 0.0,
            "swipe_left": 0.7638829683444732,
            "swipe_right": 0.6166115991229582,
            "circle_cw": 1.5030042028345842,
            "circle_ccw": 1.9361513300039317,
            "fist": 4.997370730854328,
            "jerk_down": 0.4635950537271602,
            "jerk_up": 0.6062237112763882
        },
        "swipe_left": {
            "none": 0.7638829683444728,
            "swipe_left": 0.0,
            "swipe_right": 2.3847444679148535,
            "circle_cw": 4.2469224045682274,
            "circle_ccw": 5.142524498195707,
            "fist": 4.586688153051218,
            "jerk_down": 0.7675754923935453,
            "jerk_up": 3.6300603026253344
        },
        "swipe_right": {
            "none": 0.6166115991229579,
            "swipe_left": 2.3847444679148535,
            "swipe_right": 0.0,
            "circle_cw": 3.016431548775681,
            "circle_ccw": 4.043186347575664,
            "fist": 4.22656422556936,
            "jerk_down": 1.4084684176459867,
            "jerk_up": 1.3981771849688052
        },
        "circle_cw": {
            "none": 1.5030042028345842,
            "swipe_left": 4.2469224045682274,
            "swipe_right": 3.01643154877568,
            "circle_cw": 0.0,
            "circle_ccw": 7.8792425916383175,
            "fist": 5.019677584241968,
            "jerk_down": 2.1577991791355586,
            "jerk_up": 3.3693459840199362
        },
        "circle_ccw": {
            "none": 1.9361513300039317,
            "swipe_left": 5.142524498195707,
            "swipe_right": 4.043186347575665,
            "circle_cw": 7.879242591638321,
            "circle_ccw": 0.0,
            "fist": 5.489152473524734,
            "jerk_down": 2.662415399588025,
            "jerk_up": 4.872563686321724
        },
        "fist": {
            "none": 4.997370730854327,
            "swipe_left": 4.586688153051217,
            "swipe_right": 4.22656422556936,
            "circle_cw": 5.019677584241967,
            "circle_ccw": 5.489152473524732,
            "fist": 0.0,
            "jerk_down": 4.135013494243405,
            "jerk_up": 4.230179773421592
        },
        "jerk_down": {
            "none": 0.46359505372716014,
            "swipe_left": 0.7675754923935454,
            "swipe_right": 1.408468417645986,
            "circle_cw": 2.1577991791355573,
            "circle_ccw": 2.662415399588025,
            "fist": 4.135013494243405,
            "jerk_down": 0.0,
            "jerk_up": 1.2852478146037971
        },
        "jerk_up": {
            "none": 0.606223711276388,
            "swipe_left": 3.6300603026253335,
            "swipe_right": 1.3981771849688047,
            "circle_cw": 3.3693459840199362,
            "circle_ccw": 4.872563686321724,
            "fist": 4.230179773421592,
            "jerk_down": 1.2852478146037971,
            "jerk_up": 0.0
        }
    },
    "intra_class_variance": {
        "none": 30416.216553297712,
        "swipe_left": 10333.382601122226,
        "swipe_right": 9048.530722596175,
        "circle_cw": 14218.898056394992,
        "circle_ccw": 14042.311630969925,
        "fist": 27803.961665889306,
        "jerk_down": 19909.20114944045,
        "jerk_up": 8429.725106866368
    },
    "logo_cv": {
        "knn_accuracy": 0.48998664886515353,
        "svm_accuracy": 0.49265687583444595,
        "knn_confusion_matrix": [
            [
                0,
                34,
                70,
                29,
                1,
                1,
                45,
                45
            ],
            [
                0,
                75,
                0,
                0,
                0,
                0,
                0,
                0
            ],
            [
                0,
                0,
                75,
                0,
                0,
                0,
                0,
                0
            ],
            [
                12,
                0,
                0,
                0,
                0,
                0,
                5,
                58
            ],
            [
                0,
                0,
                0,
                0,
                72,
                0,
                0,
                2
            ],
            [
                5,
                0,
                0,
                0,
                0,
                70,
                0,
                0
            ],
            [
                0,
                0,
                0,
                0,
                0,
                0,
                75,
                0
            ],
            [
                63,
                0,
                0,
                12,
                0,
                0,
                0,
                0
            ]
        ],
        "svm_confusion_matrix": [
            [
                0,
                26,
                49,
                42,
                7,
                44,
                29,
                28
            ],
            [
                0,
                75,
                0,
                0,
                0,
                0,
                0,
                0
            ],
            [
                0,
                0,
                75,
                0,
                0,
                0,
                0,
                0
            ],
            [
                12,
                0,
                0,
                0,
                0,
                16,
                3,
                44
            ],
            [
                2,
                0,
                0,
                0,
                72,
                0,
                0,
                0
            ],
            [
                3,
                0,
                0,
                0,
                0,
                72,
                0,
                0
            ],
            [
                0,
                0,
                0,
                0,
                0,
                0,
                75,
                0
            ],
            [
                6,
                0,
                0,
                69,
                0,
                0,
                0,
                0
            ]
        ]
    },
    "js_divergence_from_none": {
        "swipe_left": 0.45380009396290455,
        "swipe_right": 0.29587549434610527,
        "circle_cw": 0.2924398716711607,
        "circle_ccw": 0.5860879318873575,
        "fist": 0.9846502974964588,
        "jerk_down": 0.28447398004513347,
        "jerk_up": 0.3220500293370072
    },
    "motion_energy_ratios_to_none": {
        "swipe_left": 0.6604810953140259,
        "swipe_right": 0.5904146432876587,
        "circle_cw": 1.6948529481887817,
        "circle_ccw": 2.080967664718628,
        "fist": 2.5248262882232666,
        "jerk_down": 0.6742733716964722,
        "jerk_up": 0.7080469131469727
    }
}