{
    "variance_reductions": {
        "AccX": 33.64521408081055,
        "AccY": 2.4302127361297607,
        "AccZ": 3.2700273990631104,
        "GyrX": 0.2427043318748474,
        "GyrY": 3.831327438354492,
        "GyrZ": 1.6000728607177734
    },
    "mutual_information_feature_importance_score": {
        "IMU2_gyrX": 1.2960141046192768,
        "IMU1_pitch": 1.2477203984586824,
        "IMU2_accZ": 1.2111667046327748,
        "IMU1_accX": 1.1771877343999742,
        "IMU2_accX": 1.1509316349637793,
        "IMU1_accZ": 1.1068305566914618,
        "diff_accZ": 1.088449320743883,
        "IMU1_gyr_mag": 1.0518832782928984,
        "diff_gyrZ": 0.9931106664521421,
        "IMU1_gyrX": 0.9905210760499372,
        "diff_accX": 0.9891095468290121,
        "IMU2_gyr_mag": 0.9677825263341042,
        "IMU2_accY": 0.9649596333671344,
        "diff_gyrY": 0.9522290034203285,
        "IMU1_gyrY": 0.94856984477358,
        "IMU2_gyrY": 0.9264673185014289,
        "diff_accY": 0.8787116516759483,
        "IMU1_accY": 0.8487983042186489,
        "IMU1_gyrZ": 0.8326870640187822,
        "IMU2_linear_jerkY": 0.8229619637450165,
        "IMU2_gyrZ": 0.7892569386096042,
        "IMU1_acc_mag": 0.7253982208514613,
        "IMU2_acc_mag": 0.7171702301714902,
        "diff_gyrX": 0.6171387563109483,
        "IMU1_linear_jerkY": 0.6146567742488682,
        "IMU2_angular_accelerationZ": 0.578062854225657,
        "IMU2_linear_jerkX": 0.5594850823744109,
        "IMU2_relative_yaw": 0.5530799171210719,
        "IMU2_linear_jerkZ": 0.48306127576005853,
        "IMU1_roll": 0.4692983691632149,
        "IMU2_angular_accelerationY": 0.4514023485653915,
        "IMU1_relative_yaw": 0.45001132197577487,
        "IMU1_linear_jerkX": 0.4418445629410983,
        "IMU1_angular_accelerationY": 0.44039587552330905,
        "IMU1_angular_accelerationZ": 0.4076056244366373,
        "IMU2_angular_accelerationX": 0.33127639816595433,
        "IMU1_angular_accelerationX": 0.3171879657969643,
        "IMU1_linear_jerkZ": 0.3089380884415833
    },
    "random_forest_feature_importance_score": {
        "IMU2_accY": 0.20005286483148832,
        "diff_accZ": 0.15353148503450006,
        "IMU1_pitch": 0.10013795847185192,
        "IMU2_accZ": 0.06318537330761889,
        "IMU2_gyrX": 0.05743205185576564,
        "IMU2_accX": 0.04620917386998207,
        "IMU1_gyrX": 0.04441073937827704,
        "IMU2_gyrZ": 0.0403299011401522,
        "IMU1_accZ": 0.03687247556299596,
        "IMU1_accX": 0.03444457102604399,
        "IMU1_gyr_mag": 0.02986419479698657,
        "diff_gyrX": 0.028261335537141205,
        "IMU1_gyrZ": 0.027416821899777854,
        "IMU2_relative_yaw": 0.025699332796771703,
        "diff_accX": 0.02330363756196152,
        "diff_gyrY": 0.01681882693944234,
        "IMU2_gyr_mag": 0.009337762920374894,
        "IMU1_relative_yaw": 0.008854663961340093,
        "IMU1_gyrY": 0.008117281602770093,
        "IMU1_angular_accelerationX": 0.006558963401752195,
        "IMU2_angular_accelerationX": 0.0063970387867861135,
        "IMU1_accY": 0.005485127455960468,
        "IMU1_acc_mag": 0.004653463814736068,
        "IMU1_roll": 0.00424930080325946,
        "diff_accY": 0.004242605352420968,
        "diff_gyrZ": 0.00294101586300466,
        "IMU2_acc_mag": 0.002846796757414863,
        "IMU1_linear_jerkY": 0.0022035339374959833,
        "IMU2_angular_accelerationZ": 0.0017682462140012488,
        "IMU2_linear_jerkZ": 0.0013628652878074753,
        "IMU2_linear_jerkX": 0.0005309661148743428,
        "IMU2_linear_jerkY": 0.0005205841213456557,
        "IMU1_angular_accelerationZ": 0.000490730265821029,
        "IMU1_linear_jerkX": 0.00042360836374151674,
        "IMU2_gyrY": 0.0003679271867576758,
        "IMU1_linear_jerkZ": 0.0003478463345162857,
        "IMU1_angular_accelerationY": 0.00018860235530269304,
        "IMU2_angular_accelerationY": 0.00014032508775896558
    },
    "ablation_study_accuracy": {
        "Config A: Raw Baseline": 0.3951935914552737,
        "Config B: Raw + Orientation": 0.3965287049399199,
        "Config C: Kinematic & Differential": 0.376502002670227,
        "Config D: Optimized Set": 0.3951935914552737
    }
}