{
    "variance_reductions": {
        "AccX": 33.64521408081055,
        "AccY": 2.4302127361297607,
        "AccZ": 3.2700273990631104,
        "GyrX": 0.2427043318748474,
        "GyrY": 3.831327438354492,
        "GyrZ": 1.6000728607177734
    },
    "mutual_information_feature_importance_score": {
        "IMU1_accZ": 1.0257282085115305,
        "IMU2_gyrX": 1.0210086197020216,
        "IMU1_gyr_mag": 1.0025191834770304,
        "IMU1_pitch": 0.9455719777482345,
        "diff_accZ": 0.9401136801836452,
        "IMU2_accZ": 0.8831973423462725,
        "IMU1_accX": 0.872673349863248,
        "IMU1_gyrY": 0.8671804733345092,
        "IMU2_gyr_mag": 0.8429568382826362,
        "IMU2_accX": 0.8235727664770822,
        "IMU2_linear_jerkY": 0.803316500895114,
        "diff_gyrX": 0.7943119413296085,
        "IMU2_gyrY": 0.7879316279420374,
        "IMU1_gyrX": 0.7527088658731431,
        "IMU1_gyrZ": 0.7200742555355752,
        "IMU1_acc_mag": 0.6821067013823954,
        "diff_gyrY": 0.6730695695420161,
        "IMU2_gyrZ": 0.6664545762553518,
        "IMU1_accY": 0.6500056197487214,
        "diff_gyrZ": 0.6452144587903521,
        "diff_accY": 0.6438248814033178,
        "IMU1_roll": 0.6416515925675972,
        "diff_accX": 0.5719462221267269,
        "IMU2_accY": 0.5271978640543113,
        "IMU2_acc_mag": 0.5178061690344822,
        "IMU2_angular_accelerationZ": 0.5037525160442895,
        "IMU2_linear_jerkZ": 0.4780823300602579,
        "IMU2_relative_yaw": 0.44340283912153655,
        "IMU1_linear_jerkY": 0.43448409484176276,
        "IMU2_angular_accelerationY": 0.42617638474967645,
        "IMU1_angular_accelerationZ": 0.4214376377540816,
        "IMU1_angular_accelerationY": 0.3678126895184022,
        "IMU1_relative_yaw": 0.36611232088602685,
        "IMU2_linear_jerkX": 0.3596052767623297,
        "IMU2_angular_accelerationX": 0.3003248861174681,
        "IMU1_linear_jerkZ": 0.29940425853034025,
        "IMU1_linear_jerkX": 0.28301642849795705,
        "IMU1_angular_accelerationX": 0.2651895194317624
    },
    "random_forest_feature_importance_score": {
        "IMU1_pitch": 0.1396269651315549,
        "IMU2_accY": 0.1120814852163842,
        "IMU2_gyrX": 0.10837389022302155,
        "IMU1_accZ": 0.10176046804244798,
        "IMU1_gyrX": 0.05984439339004161,
        "IMU2_gyr_mag": 0.04878648170391284,
        "IMU1_gyr_mag": 0.044809269555630214,
        "IMU1_gyrZ": 0.04168091776941931,
        "diff_accZ": 0.04039589731169812,
        "IMU1_accX": 0.03364274915493675,
        "IMU2_gyrZ": 0.032318504984282924,
        "diff_gyrX": 0.03208186156679414,
        "IMU2_acc_mag": 0.025837883595174457,
        "diff_accY": 0.02439584014362926,
        "IMU2_relative_yaw": 0.020030429500678064,
        "IMU1_roll": 0.019070386986458743,
        "IMU2_accX": 0.015775266944437254,
        "IMU1_acc_mag": 0.014489311740708215,
        "IMU2_accZ": 0.012853590586376805,
        "IMU2_angular_accelerationX": 0.012154979706602839,
        "diff_gyrY": 0.012014983026603122,
        "IMU1_relative_yaw": 0.010022850839905955,
        "diff_gyrZ": 0.007811909899278903,
        "IMU1_linear_jerkY": 0.004958696375747358,
        "IMU1_angular_accelerationX": 0.004557193287170672,
        "IMU2_angular_accelerationZ": 0.004404441547886205,
        "IMU1_accY": 0.003119095906945664,
        "IMU1_gyrY": 0.0030946143506619126,
        "diff_accX": 0.0029255972667348675,
        "IMU2_linear_jerkZ": 0.0011665979507210192,
        "IMU1_linear_jerkZ": 0.0011340863949937416,
        "IMU2_gyrY": 0.000926334869032708,
        "IMU1_angular_accelerationZ": 0.0007614150247867264,
        "IMU2_linear_jerkY": 0.0007104664592762919,
        "IMU2_linear_jerkX": 0.0006272946552039887,
        "IMU1_linear_jerkX": 0.0006223154957370092,
        "IMU1_angular_accelerationY": 0.0005921116428759388,
        "IMU2_angular_accelerationY": 0.0005394217522478016
    },
    "ablation_study_accuracy": {
        "Config A: Raw Baseline": 0.9876648234793705,
        "Config B: Raw + Orientation": 0.9859634198213526,
        "Config C: Kinematic & Differential": 0.9272649936197362,
        "Config D: Optimized Set": 0.9893662271373883
    }
}