{
    "variance_reductions": {
        "AccX": 33.64521408081055,
        "AccY": 2.4302127361297607,
        "AccZ": 3.2700273990631104,
        "GyrX": 0.2427043318748474,
        "GyrY": 3.831327438354492,
        "GyrZ": 1.6000728607177734
    },
    "top_10_mutual_information": {
        "IMU1_accX": 1.2757474523768506,
        "IMU2_gyrX": 1.2643526352799381,
        "IMU1_pitch": 1.1544150529237394,
        "diff_accX": 1.1216620224766358,
        "IMU2_accX": 1.1053904131944041,
        "IMU1_accZ": 1.0974018892382356,
        "IMU2_accZ": 1.086998979640883,
        "diff_accZ": 1.0723870132069235,
        "IMU1_gyr_mag": 1.0612795817267529,
        "IMU2_gyr_mag": 0.963642290765077
    },
    "top_10_random_forest_importance": {
        "IMU2_accY": 0.17114895322081175,
        "diff_accZ": 0.15770745445099177,
        "IMU1_pitch": 0.08327795142259545,
        "IMU2_gyrX": 0.06770538271127553,
        "IMU2_accZ": 0.05439564674504084,
        "IMU1_accZ": 0.050693368817641374,
        "IMU2_accX": 0.048183486376047406,
        "IMU2_gyr_mag": 0.0434156114562009,
        "IMU2_gyrZ": 0.040082465495330455,
        "IMU1_accX": 0.037296520960722515
    },
    "ablation_study_accuracy": {
        "Config A: Raw Baseline": 0.49265687583444595,
        "Config B: Raw + Orientation": 0.49265687583444595,
        "Config C: Kinematic & Differential": 0.4712950600801068,
        "Config D: Optimized Set": 0.48998664886515353
    }
}